﻿Designator,Footprint,Quantity,Value,LCSC Part #
"C1, C5, C8",0603,3,100nf,
C2,C_Rect_L4.0mm_W2.5mm_P2.50mm,1,1nf,
C3,0603,1,1uf,
"C4, C7",CP_Radial_D4.0mm_P1.50mm,2,10uf,
C6,C_Rect_L4.0mm_W2.5mm_P2.50mm,1,100nf,
D1,LED_D3.0mm,1,LED,
D2,LED_WS2812B_PLCC4_5.0x5.0mm_P3.2mm,1,WS2812B,
"J1, J5",PinHeader_2x10_P2.54mm_Vertical,2,Conn_02x10_Odd_Even,
J2,PinHeader_1x03_P2.54mm_Vertical,1,Servo,
J3,PinHeader_1x05_P2.54mm_Vertical,1,Programmer,
J4,PinHeader_1x02_P2.54mm_Vertical,1,LED_CHAIN,
"R1, R3",R_Axial_DIN0207_L6.3mm_D2.5mm_P7.62mm_Horizontal,2,470,
R2,R_Axial_DIN0207_L6.3mm_D2.5mm_P7.62mm_Horizontal,1,47k,
U1,SOT-223-3_TabPin2,1,TLV1117-33,
U2,DIP-20_W7.62mm,1,MSP430G2233IN20,
